Variable,Coefficient,std,p-value
% Hispanic,0.01368969511721158,0.008058881120571272,0.08937585716128789
% Black,0.6459465579192873,0.008620712791031224,0.0
